851jDwAAQBAJ,"Акула пера","Олейник Марьяна"
FZtkAAAAQBAJ,"Акула пера","Светлана Алешина"
XQhMDwAAQBAJ,"Акула пера, или Как быстро стать журналистом","Анастасия Холдаковская"
M2EaAQAAIAAJ,"О чем умолчали акулы пера","Елена Салтикова"
QGz9DQAAQBAJ,"Стихи о любви... Сборник стихотворений","Алина Нечай"
adySa0_hM-IC,"Ночной смотрящий","Олег Дивов"
DVoeke276bgC,"Бригада. Кн. 13: Поцелуй Фемиды"
GGY5AwAAQBAJ,"Диета с витамином D: план быстрого сжигания «упрямого» жира»","Алиса Боумен"
_XrbAwAAQBAJ,"Врачебная ошибка","Ирина Градова"
MZ5jDwAAQBAJ,"Смех водяного","Олейник Марьяна"
